method_key,method_name,gen_start,gen_end,acc_all_mean_diff,acc_all_ci,acc_all_n_seeds,acc_head_mean_diff,acc_head_ci,acc_head_n_seeds,acc_tail_mean_diff,acc_tail_ci,acc_tail_n_seeds,synthetic_label_error_mean_diff,synthetic_label_error_ci,synthetic_label_error_n_seeds,diversity_entropy_mean_diff,diversity_entropy_ci,diversity_entropy_n_seeds
A_no_filter_weak,Naïve self-training,0,20,-0.03155999999999999,0.01108445072175919,5,-0.02444444444444449,0.016652404473180393,5,-0.04832214765100673,0.009510573069567064,5,,,0,,,0
B_high_surprisal_weak,High-surprisal filter,0,20,0.022099999999999988,0.008757032862552003,5,0.03615384615384611,0.010187920170030468,5,-0.011006711409395997,0.00945289663609629,5,,,0,,,0
C_goldilocks_weak,Goldilocks filter,0,20,-0.05502,0.009330425434974093,5,-0.05589743589743594,0.009744684615626224,5,-0.052953020134228215,0.02127730595124992,5,,,0,,,0
I_diverse_ensemble_accumulate,$\mathbf{DEVS}$ (ensemble + accumulate),0,20,-0.04186000000000003,0.008067281247512706,5,-0.05122507122507118,0.010921668472833433,5,-0.019798657718120817,0.009596890047202813,5,,,0,,,0
K_diverse_ensemble_no_accumulate,$\mathbf{DEVS}$ (ensemble only),0,20,-0.007099999999999973,0.0031741458978416987,5,-0.007179487179487176,0.004028718850225773,5,-0.00691275167785238,0.01175780309274841,5,,,0,,,0
J_ensemble_naive,Ensemble self-training (no verification),0,20,-0.10008000000000002,0.00480525571519231,5,-0.09606837606837605,0.008647552008183824,5,-0.1095302013422819,0.008336439831753828,5,,,0,,,0
